"STATION","NAME","LATITUDE","LONGITUDE","ELEVATION","DATE","PRCP","SNOW","SNWD","TAVG","TMAX","TMIN"
"USW00023234","SAN FRANCISCO INTERNATIONAL AIRPORT, CA US","37.6197","-122.3647","2.4","2017-01-01","1.3",,,"10.4","12.2","7.8"
"USW00023234","SAN FRANCISCO INTERNATIONAL AIRPORT, CA US","37.6197","-122.3647","2.4","2017-01-02","4.6",,,"8.6","11.1","6.7"
"USW00023234","SAN FRANCISCO INTERNATIONAL AIRPORT, CA US","37.6197","-122.3647","2.4","2017-01-03","16.3",,,"9.9","15.0","8.9"
"USW00023234","SAN FRANCISCO INTERNATIONAL AIRPORT, CA US","37.6197","-122.3647","2.4","2017-01-04","12.4",,,"13.1","15.0","8.3"
"USW00023234","SAN FRANCISCO INTERNATIONAL AIRPORT, CA US","37.6197","-122.3647","2.4","2017-01-05","0.0",,,"8.9","10.6","5.0"
"USW00023234","SAN FRANCISCO INTERNATIONAL AIRPORT, CA US","37.6197","-122.3647","2.4","2017-01-06","0.0",,,"6.7","9.4","3.3"
"USW00023234","SAN FRANCISCO INTERNATIONAL AIRPORT, CA US","37.6197","-122.3647","2.4","2017-01-07","21.3",,,"10.6","16.7","6.7"
"USW00023234","SAN FRANCISCO INTERNATIONAL AIRPORT, CA US","37.6197","-122.3647","2.4","2017-01-08","32.5",,,"15.3","17.8","12.2"
"USW00023234","SAN FRANCISCO INTERNATIONAL AIRPORT, CA US","37.6197","-122.3647","2.4","2017-01-09","6.9",,,"14.4","15.0","11.7"
"USW00023234","SAN FRANCISCO INTERNATIONAL AIRPORT, CA US","37.6197","-122.3647","2.4","2017-01-10","46.2",,,"13.9","15.6","13.3"
"USW00023234","SAN FRANCISCO INTERNATIONAL AIRPORT, CA US","37.6197","-122.3647","2.4","2017-01-11","1.0",,,"12.9","14.4","10.0"
"USW00023234","SAN FRANCISCO INTERNATIONAL AIRPORT, CA US","37.6197","-122.3647","2.4","2017-01-12","7.6",,,"9.6","11.1","7.2"
"USW00023234","SAN FRANCISCO INTERNATIONAL AIRPORT, CA US","37.6197","-122.3647","2.4","2017-01-13","0.0",,,"8.7","13.9","4.4"
"USW00023234","SAN FRANCISCO INTERNATIONAL AIRPORT, CA US","37.6197","-122.3647","2.4","2017-01-14","0.0",,,"9.0","14.4","4.4"
"USW00023234","SAN FRANCISCO INTERNATIONAL AIRPORT, CA US","37.6197","-122.3647","2.4","2017-01-15","0.0",,,"8.9","11.1","5.0"
"USW00023234","SAN FRANCISCO INTERNATIONAL AIRPORT, CA US","37.6197","-122.3647","2.4","2017-01-16","0.0",,,"8.9","12.2","6.7"
"USW00023234","SAN FRANCISCO INTERNATIONAL AIRPORT, CA US","37.6197","-122.3647","2.4","2017-01-17","0.0",,,"8.6","11.1","5.0"
"USW00023234","SAN FRANCISCO INTERNATIONAL AIRPORT, CA US","37.6197","-122.3647","2.4","2017-01-18","22.9",,,"10.2","12.8","9.4"
"USW00023234","SAN FRANCISCO INTERNATIONAL AIRPORT, CA US","37.6197","-122.3647","2.4","2017-01-19","1.3",,,"12.2","14.4","10.6"
"USW00023234","SAN FRANCISCO INTERNATIONAL AIRPORT, CA US","37.6197","-122.3647","2.4","2017-01-20","30.2",,,"11.0","13.3","6.1"
"USW00023234","SAN FRANCISCO INTERNATIONAL AIRPORT, CA US","37.6197","-122.3647","2.4","2017-01-21","7.1",,,"10.9","13.3","8.9"
"USW00023234","SAN FRANCISCO INTERNATIONAL AIRPORT, CA US","37.6197","-122.3647","2.4","2017-01-22","17.3",,,"11.5","13.9","8.3"
"USW00023234","SAN FRANCISCO INTERNATIONAL AIRPORT, CA US","37.6197","-122.3647","2.4","2017-01-23","8.1",,,"9.3","12.2","7.2"
"USW00023234","SAN FRANCISCO INTERNATIONAL AIRPORT, CA US","37.6197","-122.3647","2.4","2017-01-24","0.0",,,"8.3","12.2","5.0"
"USW00023234","SAN FRANCISCO INTERNATIONAL AIRPORT, CA US","37.6197","-122.3647","2.4","2017-01-25","0.0",,,"8.9","13.3","5.0"
"USW00023234","SAN FRANCISCO INTERNATIONAL AIRPORT, CA US","37.6197","-122.3647","2.4","2017-01-26","0.0",,,"9.2","13.3","6.1"
"USW00023234","SAN FRANCISCO INTERNATIONAL AIRPORT, CA US","37.6197","-122.3647","2.4","2017-01-27","0.0",,,"9.8","14.4","5.0"
"USW00023234","SAN FRANCISCO INTERNATIONAL AIRPORT, CA US","37.6197","-122.3647","2.4","2017-01-28","0.0",,,"9.5","15.0","5.0"
"USW00023234","SAN FRANCISCO INTERNATIONAL AIRPORT, CA US","37.6197","-122.3647","2.4","2017-01-29","0.0",,,"10.1","15.6","5.0"
"USW00023234","SAN FRANCISCO INTERNATIONAL AIRPORT, CA US","37.6197","-122.3647","2.4","2017-01-30","0.0",,,"10.1","15.6","5.6"
"USW00023234","SAN FRANCISCO INTERNATIONAL AIRPORT, CA US","37.6197","-122.3647","2.4","2017-01-31","0.0",,,"10.1","15.0","5.6"
"USW00023234","SAN FRANCISCO INTERNATIONAL AIRPORT, CA US","37.6197","-122.3647","2.4","2017-02-01","0.3",,,"11.1","13.3","8.3"
"USW00023234","SAN FRANCISCO INTERNATIONAL AIRPORT, CA US","37.6197","-122.3647","2.4","2017-02-02","3.8",,,"12.6","16.7","10.6"
"USW00023234","SAN FRANCISCO INTERNATIONAL AIRPORT, CA US","37.6197","-122.3647","2.4","2017-02-03","11.2",,,"15.1","16.1","12.8"
"USW00023234","SAN FRANCISCO INTERNATIONAL AIRPORT, CA US","37.6197","-122.3647","2.4","2017-02-04","4.6",,,"14.0","16.1","11.7"
"USW00023234","SAN FRANCISCO INTERNATIONAL AIRPORT, CA US","37.6197","-122.3647","2.4","2017-02-05","4.1",,,"12.6","16.1","10.0"
"USW00023234","SAN FRANCISCO INTERNATIONAL AIRPORT, CA US","37.6197","-122.3647","2.4","2017-02-06","12.4",,,"14.3","15.6","12.8"
"USW00023234","SAN FRANCISCO INTERNATIONAL AIRPORT, CA US","37.6197","-122.3647","2.4","2017-02-07","23.6",,,"15.4","17.2","13.3"
"USW00023234","SAN FRANCISCO INTERNATIONAL AIRPORT, CA US","37.6197","-122.3647","2.4","2017-02-08","6.6",,,"15.4","17.8","13.3"
"USW00023234","SAN FRANCISCO INTERNATIONAL AIRPORT, CA US","37.6197","-122.3647","2.4","2017-02-09","16.3",,,"16.8","17.2","14.4"
"USW00023234","SAN FRANCISCO INTERNATIONAL AIRPORT, CA US","37.6197","-122.3647","2.4","2017-02-10","3.0",,,"14.6","16.7","10.6"
"USW00023234","SAN FRANCISCO INTERNATIONAL AIRPORT, CA US","37.6197","-122.3647","2.4","2017-02-11","0.0",,,"11.6","15.0","8.3"
"USW00023234","SAN FRANCISCO INTERNATIONAL AIRPORT, CA US","37.6197","-122.3647","2.4","2017-02-12","0.0",,,"11.6","17.8","6.7"
"USW00023234","SAN FRANCISCO INTERNATIONAL AIRPORT, CA US","37.6197","-122.3647","2.4","2017-02-13","0.0",,,"11.0","17.2","7.8"
"USW00023234","SAN FRANCISCO INTERNATIONAL AIRPORT, CA US","37.6197","-122.3647","2.4","2017-02-14","0.0",,,"13.0","18.9","8.9"
"USW00023234","SAN FRANCISCO INTERNATIONAL AIRPORT, CA US","37.6197","-122.3647","2.4","2017-02-15","0.0",,,"13.7","17.2","10.6"
"USW00023234","SAN FRANCISCO INTERNATIONAL AIRPORT, CA US","37.6197","-122.3647","2.4","2017-02-16","9.4",,,"15.7","17.8","12.8"
"USW00023234","SAN FRANCISCO INTERNATIONAL AIRPORT, CA US","37.6197","-122.3647","2.4","2017-02-17","21.8",,,"13.7","15.0","12.2"
"USW00023234","SAN FRANCISCO INTERNATIONAL AIRPORT, CA US","37.6197","-122.3647","2.4","2017-02-18","4.8",,,"12.5","13.9","10.0"
"USW00023234","SAN FRANCISCO INTERNATIONAL AIRPORT, CA US","37.6197","-122.3647","2.4","2017-02-19","2.3",,,"11.3","14.4","10.0"
"USW00023234","SAN FRANCISCO INTERNATIONAL AIRPORT, CA US","37.6197","-122.3647","2.4","2017-02-20","54.9",,,"13.7","15.6","12.2"
"USW00023234","SAN FRANCISCO INTERNATIONAL AIRPORT, CA US","37.6197","-122.3647","2.4","2017-02-21","7.4",,,"14.1","16.1","10.0"
"USW00023234","SAN FRANCISCO INTERNATIONAL AIRPORT, CA US","37.6197","-122.3647","2.4","2017-02-22","0.0",,,"10.5","12.8","7.2"
"USW00023234","SAN FRANCISCO INTERNATIONAL AIRPORT, CA US","37.6197","-122.3647","2.4","2017-02-23","0.0",,,"9.1","11.7","5.6"
"USW00023234","SAN FRANCISCO INTERNATIONAL AIRPORT, CA US","37.6197","-122.3647","2.4","2017-02-24","0.0",,,"8.7","12.2","4.4"
"USW00023234","SAN FRANCISCO INTERNATIONAL AIRPORT, CA US","37.6197","-122.3647","2.4","2017-02-25","0.5",,,"9.3","13.3","6.7"
"USW00023234","SAN FRANCISCO INTERNATIONAL AIRPORT, CA US","37.6197","-122.3647","2.4","2017-02-26","0.5",,,"9.7","13.9","4.4"
"USW00023234","SAN FRANCISCO INTERNATIONAL AIRPORT, CA US","37.6197","-122.3647","2.4","2017-02-27","1.3",,,"9.4","12.8","5.6"
"USW00023234","SAN FRANCISCO INTERNATIONAL AIRPORT, CA US","37.6197","-122.3647","2.4","2017-02-28","0.0",,,"9.8","13.9","6.1"
"USW00023234","SAN FRANCISCO INTERNATIONAL AIRPORT, CA US","37.6197","-122.3647","2.4","2017-03-01","0.0",,,"10.1","16.7","6.1"
"USW00023234","SAN FRANCISCO INTERNATIONAL AIRPORT, CA US","37.6197","-122.3647","2.4","2017-03-02","0.0",,,"11.1","18.9","6.1"
"USW00023234","SAN FRANCISCO INTERNATIONAL AIRPORT, CA US","37.6197","-122.3647","2.4","2017-03-03","0.0",,,"11.7","16.7","6.7"
"USW00023234","SAN FRANCISCO INTERNATIONAL AIRPORT, CA US","37.6197","-122.3647","2.4","2017-03-04","13.7",,,"12.3","16.1","10.6"
"USW00023234","SAN FRANCISCO INTERNATIONAL AIRPORT, CA US","37.6197","-122.3647","2.4","2017-03-05","7.4",,,"10.5","11.7","5.6"
"USW00023234","SAN FRANCISCO INTERNATIONAL AIRPORT, CA US","37.6197","-122.3647","2.4","2017-03-06","7.1",,,"8.3","13.3","6.1"
"USW00023234","SAN FRANCISCO INTERNATIONAL AIRPORT, CA US","37.6197","-122.3647","2.4","2017-03-07","0.0",,,"9.8","15.0","5.6"
"USW00023234","SAN FRANCISCO INTERNATIONAL AIRPORT, CA US","37.6197","-122.3647","2.4","2017-03-08","0.0",,,"11.9","17.8","7.8"
"USW00023234","SAN FRANCISCO INTERNATIONAL AIRPORT, CA US","37.6197","-122.3647","2.4","2017-03-09","0.0",,,"13.2","19.4","10.0"
"USW00023234","SAN FRANCISCO INTERNATIONAL AIRPORT, CA US","37.6197","-122.3647","2.4","2017-03-10","0.0",,,"13.7","19.4","11.1"
"USW00023234","SAN FRANCISCO INTERNATIONAL AIRPORT, CA US","37.6197","-122.3647","2.4","2017-03-11","0.0",,,"14.2","18.3","10.0"
"USW00023234","SAN FRANCISCO INTERNATIONAL AIRPORT, CA US","37.6197","-122.3647","2.4","2017-03-12","0.0",,,"13.6","21.1","8.9"
"USW00023234","SAN FRANCISCO INTERNATIONAL AIRPORT, CA US","37.6197","-122.3647","2.4","2017-03-13","0.0",,,"13.7","25.0","8.9"
"USW00023234","SAN FRANCISCO INTERNATIONAL AIRPORT, CA US","37.6197","-122.3647","2.4","2017-03-14","0.0",,,"17.1","24.4","12.2"
"USW00023234","SAN FRANCISCO INTERNATIONAL AIRPORT, CA US","37.6197","-122.3647","2.4","2017-03-15","0.0",,,"14.9","16.7","11.1"
"USW00023234","SAN FRANCISCO INTERNATIONAL AIRPORT, CA US","37.6197","-122.3647","2.4","2017-03-16","0.0",,,"14.6","18.3","10.6"
"USW00023234","SAN FRANCISCO INTERNATIONAL AIRPORT, CA US","37.6197","-122.3647","2.4","2017-03-17","0.0",,,"13.3","21.7","8.9"
"USW00023234","SAN FRANCISCO INTERNATIONAL AIRPORT, CA US","37.6197","-122.3647","2.4","2017-03-18","0.0",,,"15.7","20.6","11.7"
"USW00023234","SAN FRANCISCO INTERNATIONAL AIRPORT, CA US","37.6197","-122.3647","2.4","2017-03-19","0.0",,,"14.3","17.2","12.2"
"USW00023234","SAN FRANCISCO INTERNATIONAL AIRPORT, CA US","37.6197","-122.3647","2.4","2017-03-20","13.2",,,"14.2","16.7","12.8"
"USW00023234","SAN FRANCISCO INTERNATIONAL AIRPORT, CA US","37.6197","-122.3647","2.4","2017-03-21","7.1",,,"15.6","18.3","13.9"
"USW00023234","SAN FRANCISCO INTERNATIONAL AIRPORT, CA US","37.6197","-122.3647","2.4","2017-03-22","6.9",,,"14.1","15.0","11.1"
"USW00023234","SAN FRANCISCO INTERNATIONAL AIRPORT, CA US","37.6197","-122.3647","2.4","2017-03-23","0.0",,,"12.2","16.1","10.0"
"USW00023234","SAN FRANCISCO INTERNATIONAL AIRPORT, CA US","37.6197","-122.3647","2.4","2017-03-24","19.1",,,"12.6","14.4","11.7"
"USW00023234","SAN FRANCISCO INTERNATIONAL AIRPORT, CA US","37.6197","-122.3647","2.4","2017-03-25","0.0",,,"13.2","16.1","11.1"
"USW00023234","SAN FRANCISCO INTERNATIONAL AIRPORT, CA US","37.6197","-122.3647","2.4","2017-03-26","0.5",,,"13.0","17.2","11.1"
"USW00023234","SAN FRANCISCO INTERNATIONAL AIRPORT, CA US","37.6197","-122.3647","2.4","2017-03-27","0.0",,,"13.2","16.1","10.6"
"USW00023234","SAN FRANCISCO INTERNATIONAL AIRPORT, CA US","37.6197","-122.3647","2.4","2017-03-28","0.0",,,"13.4","20.0","8.9"
"USW00023234","SAN FRANCISCO INTERNATIONAL AIRPORT, CA US","37.6197","-122.3647","2.4","2017-03-29","0.0",,,"14.8","18.3","11.7"
"USW00023234","SAN FRANCISCO INTERNATIONAL AIRPORT, CA US","37.6197","-122.3647","2.4","2017-03-30","0.3",,,"13.8","16.1","10.6"
"USW00023234","SAN FRANCISCO INTERNATIONAL AIRPORT, CA US","37.6197","-122.3647","2.4","2017-03-31","0.0",,,"14.5","20.0","12.8"
"USW00023234","SAN FRANCISCO INTERNATIONAL AIRPORT, CA US","37.6197","-122.3647","2.4","2017-04-01","0.0",,,"15.9","25.6","11.7"
"USW00023234","SAN FRANCISCO INTERNATIONAL AIRPORT, CA US","37.6197","-122.3647","2.4","2017-04-02","0.0",,,"14.8","23.3","11.1"
"USW00023234","SAN FRANCISCO INTERNATIONAL AIRPORT, CA US","37.6197","-122.3647","2.4","2017-04-03","0.0",,,"14.8","20.0","9.4"
"USW00023234","SAN FRANCISCO INTERNATIONAL AIRPORT, CA US","37.6197","-122.3647","2.4","2017-04-04","0.0",,,"13.0","22.2","8.9"
"USW00023234","SAN FRANCISCO INTERNATIONAL AIRPORT, CA US","37.6197","-122.3647","2.4","2017-04-05","0.0",,,"14.4","20.0","11.1"
"USW00023234","SAN FRANCISCO INTERNATIONAL AIRPORT, CA US","37.6197","-122.3647","2.4","2017-04-06","25.7",,,"15.9","18.3","10.0"
"USW00023234","SAN FRANCISCO INTERNATIONAL AIRPORT, CA US","37.6197","-122.3647","2.4","2017-04-07","12.4",,,"14.1","17.8","10.0"
"USW00023234","SAN FRANCISCO INTERNATIONAL AIRPORT, CA US","37.6197","-122.3647","2.4","2017-04-08","2.8",,,"11.7","13.3","8.3"
"USW00023234","SAN FRANCISCO INTERNATIONAL AIRPORT, CA US","37.6197","-122.3647","2.4","2017-04-09","0.0",,,"10.7","15.6","7.2"
"USW00023234","SAN FRANCISCO INTERNATIONAL AIRPORT, CA US","37.6197","-122.3647","2.4","2017-04-10","0.0",,,"11.8","17.8","7.8"
"USW00023234","SAN FRANCISCO INTERNATIONAL AIRPORT, CA US","37.6197","-122.3647","2.4","2017-04-11","1.3",,,"14.2","19.4","11.7"
"USW00023234","SAN FRANCISCO INTERNATIONAL AIRPORT, CA US","37.6197","-122.3647","2.4","2017-04-12","4.6",,,"14.8","17.8","12.2"
"USW00023234","SAN FRANCISCO INTERNATIONAL AIRPORT, CA US","37.6197","-122.3647","2.4","2017-04-13","0.0",,,"13.8","15.0","10.0"
"USW00023234","SAN FRANCISCO INTERNATIONAL AIRPORT, CA US","37.6197","-122.3647","2.4","2017-04-14","0.0",,,"11.7","16.1","8.3"
"USW00023234","SAN FRANCISCO INTERNATIONAL AIRPORT, CA US","37.6197","-122.3647","2.4","2017-04-15","0.0",,,"12.4","19.4","7.8"
"USW00023234","SAN FRANCISCO INTERNATIONAL AIRPORT, CA US","37.6197","-122.3647","2.4","2017-04-16","2.0",,,"13.6","15.6","11.1"
"USW00023234","SAN FRANCISCO INTERNATIONAL AIRPORT, CA US","37.6197","-122.3647","2.4","2017-04-17","4.3",,,"14.3","16.7","12.2"
"USW00023234","SAN FRANCISCO INTERNATIONAL AIRPORT, CA US","37.6197","-122.3647","2.4","2017-04-18","0.3",,,"14.1","19.4","11.1"
"USW00023234","SAN FRANCISCO INTERNATIONAL AIRPORT, CA US","37.6197","-122.3647","2.4","2017-04-19","2.5",,,"14.1","19.4","9.4"
"USW00023234","SAN FRANCISCO INTERNATIONAL AIRPORT, CA US","37.6197","-122.3647","2.4","2017-04-20","0.0",,,"15.4","18.3","12.2"
"USW00023234","SAN FRANCISCO INTERNATIONAL AIRPORT, CA US","37.6197","-122.3647","2.4","2017-04-21","0.0",,,"15.2","23.3","10.6"
"USW00023234","SAN FRANCISCO INTERNATIONAL AIRPORT, CA US","37.6197","-122.3647","2.4","2017-04-22","0.0",,,"15.3","18.3","10.6"
"USW00023234","SAN FRANCISCO INTERNATIONAL AIRPORT, CA US","37.6197","-122.3647","2.4","2017-04-23","0.0",,,"14.2","17.8","11.7"
"USW00023234","SAN FRANCISCO INTERNATIONAL AIRPORT, CA US","37.6197","-122.3647","2.4","2017-04-24","0.0",,,"13.6","16.7","11.7"
"USW00023234","SAN FRANCISCO INTERNATIONAL AIRPORT, CA US","37.6197","-122.3647","2.4","2017-04-25","0.0",,,"13.6","17.8","11.1"
"USW00023234","SAN FRANCISCO INTERNATIONAL AIRPORT, CA US","37.6197","-122.3647","2.4","2017-04-26","0.0",,,"14.9","17.8","12.2"
"USW00023234","SAN FRANCISCO INTERNATIONAL AIRPORT, CA US","37.6197","-122.3647","2.4","2017-04-27","0.0",,,"14.2","18.3","11.1"
"USW00023234","SAN FRANCISCO INTERNATIONAL AIRPORT, CA US","37.6197","-122.3647","2.4","2017-04-28","0.0",,,"13.8","20.0","9.4"
"USW00023234","SAN FRANCISCO INTERNATIONAL AIRPORT, CA US","37.6197","-122.3647","2.4","2017-04-29","0.0",,,"18.0","25.0","12.2"
"USW00023234","SAN FRANCISCO INTERNATIONAL AIRPORT, CA US","37.6197","-122.3647","2.4","2017-04-30","0.0",,,"15.4","23.3","10.0"
"USW00023234","SAN FRANCISCO INTERNATIONAL AIRPORT, CA US","37.6197","-122.3647","2.4","2017-05-01","0.0",,,"17.3","28.9","12.2"
"USW00023234","SAN FRANCISCO INTERNATIONAL AIRPORT, CA US","37.6197","-122.3647","2.4","2017-05-02","0.0",,,"19.3","29.4","13.9"
"USW00023234","SAN FRANCISCO INTERNATIONAL AIRPORT, CA US","37.6197","-122.3647","2.4","2017-05-03","0.0",,,"19.2","30.6","11.7"
"USW00023234","SAN FRANCISCO INTERNATIONAL AIRPORT, CA US","37.6197","-122.3647","2.4","2017-05-04","0.0",,,"14.9","18.9","11.1"
"USW00023234","SAN FRANCISCO INTERNATIONAL AIRPORT, CA US","37.6197","-122.3647","2.4","2017-05-05","0.0",,,"13.9","17.2","10.6"
"USW00023234","SAN FRANCISCO INTERNATIONAL AIRPORT, CA US","37.6197","-122.3647","2.4","2017-05-06","0.0",,,"12.6","17.2","10.0"
"USW00023234","SAN FRANCISCO INTERNATIONAL AIRPORT, CA US","37.6197","-122.3647","2.4","2017-05-07","0.0",,,"13.8","21.1","10.0"
"USW00023234","SAN FRANCISCO INTERNATIONAL AIRPORT, CA US","37.6197","-122.3647","2.4","2017-05-08","0.0",,,"14.3","21.1","10.0"
"USW00023234","SAN FRANCISCO INTERNATIONAL AIRPORT, CA US","37.6197","-122.3647","2.4","2017-05-09","0.0",,,"14.8","23.9","10.6"
"USW00023234","SAN FRANCISCO INTERNATIONAL AIRPORT, CA US","37.6197","-122.3647","2.4","2017-05-10","0.0",,,"14.9","20.0","11.7"
"USW00023234","SAN FRANCISCO INTERNATIONAL AIRPORT, CA US","37.6197","-122.3647","2.4","2017-05-11","0.0",,,"14.8","20.6","11.1"
"USW00023234","SAN FRANCISCO INTERNATIONAL AIRPORT, CA US","37.6197","-122.3647","2.4","2017-05-12","0.0",,,"14.3","17.8","10.6"
"USW00023234","SAN FRANCISCO INTERNATIONAL AIRPORT, CA US","37.6197","-122.3647","2.4","2017-05-13","0.0",,,"13.2","17.8","9.4"
"USW00023234","SAN FRANCISCO INTERNATIONAL AIRPORT, CA US","37.6197","-122.3647","2.4","2017-05-14","0.0",,,"12.7","16.7","9.4"
"USW00023234","SAN FRANCISCO INTERNATIONAL AIRPORT, CA US","37.6197","-122.3647","2.4","2017-05-15","0.0",,,"12.9","17.2","10.0"
"USW00023234","SAN FRANCISCO INTERNATIONAL AIRPORT, CA US","37.6197","-122.3647","2.4","2017-05-16","0.0",,,"13.0","17.2","11.1"
"USW00023234","SAN FRANCISCO INTERNATIONAL AIRPORT, CA US","37.6197","-122.3647","2.4","2017-05-17","0.0",,,"13.9","18.9","10.0"
"USW00023234","SAN FRANCISCO INTERNATIONAL AIRPORT, CA US","37.6197","-122.3647","2.4","2017-05-18","0.0",,,"14.2","24.4","9.4"
"USW00023234","SAN FRANCISCO INTERNATIONAL AIRPORT, CA US","37.6197","-122.3647","2.4","2017-05-19","0.0",,,"16.5","26.7","11.1"
"USW00023234","SAN FRANCISCO INTERNATIONAL AIRPORT, CA US","37.6197","-122.3647","2.4","2017-05-20","0.0",,,"17.2","30.6","11.1"
"USW00023234","SAN FRANCISCO INTERNATIONAL AIRPORT, CA US","37.6197","-122.3647","2.4","2017-05-21","0.0",,,"17.9","25.0","11.7"
"USW00023234","SAN FRANCISCO INTERNATIONAL AIRPORT, CA US","37.6197","-122.3647","2.4","2017-05-22","0.0",,,"14.7","21.1","10.6"
"USW00023234","SAN FRANCISCO INTERNATIONAL AIRPORT, CA US","37.6197","-122.3647","2.4","2017-05-23","0.0",,,"14.7","20.6","11.1"
"USW00023234","SAN FRANCISCO INTERNATIONAL AIRPORT, CA US","37.6197","-122.3647","2.4","2017-05-24","0.0",,,"14.3","20.6","11.7"
"USW00023234","SAN FRANCISCO INTERNATIONAL AIRPORT, CA US","37.6197","-122.3647","2.4","2017-05-25","0.0",,,"15.3","18.3","12.8"
"USW00023234","SAN FRANCISCO INTERNATIONAL AIRPORT, CA US","37.6197","-122.3647","2.4","2017-05-26","0.0",,,"14.9","18.3","12.2"
"USW00023234","SAN FRANCISCO INTERNATIONAL AIRPORT, CA US","37.6197","-122.3647","2.4","2017-05-27","0.0",,,"14.9","19.4","12.2"
"USW00023234","SAN FRANCISCO INTERNATIONAL AIRPORT, CA US","37.6197","-122.3647","2.4","2017-05-28","0.0",,,"14.0","17.8","12.2"
"USW00023234","SAN FRANCISCO INTERNATIONAL AIRPORT, CA US","37.6197","-122.3647","2.4","2017-05-29","0.0",,,"13.0","15.6","11.7"
"USW00023234","SAN FRANCISCO INTERNATIONAL AIRPORT, CA US","37.6197","-122.3647","2.4","2017-05-30","0.0",,,"13.1","17.2","11.1"
"USW00023234","SAN FRANCISCO INTERNATIONAL AIRPORT, CA US","37.6197","-122.3647","2.4","2017-05-31","0.0",,,"15.3","21.1","12.2"
"USW00023234","SAN FRANCISCO INTERNATIONAL AIRPORT, CA US","37.6197","-122.3647","2.4","2017-06-01","0.0",,,"16.1","20.6","12.8"
"USW00023234","SAN FRANCISCO INTERNATIONAL AIRPORT, CA US","37.6197","-122.3647","2.4","2017-06-02","0.0",,,"15.4","21.7","11.7"
"USW00023234","SAN FRANCISCO INTERNATIONAL AIRPORT, CA US","37.6197","-122.3647","2.4","2017-06-03","0.0",,,"15.1","19.4","12.2"
"USW00023234","SAN FRANCISCO INTERNATIONAL AIRPORT, CA US","37.6197","-122.3647","2.4","2017-06-04","0.0",,,"14.9","19.4","11.7"
"USW00023234","SAN FRANCISCO INTERNATIONAL AIRPORT, CA US","37.6197","-122.3647","2.4","2017-06-05","0.0",,,"14.7","23.3","10.6"
"USW00023234","SAN FRANCISCO INTERNATIONAL AIRPORT, CA US","37.6197","-122.3647","2.4","2017-06-06","0.0",,,"14.4","18.3","11.1"
"USW00023234","SAN FRANCISCO INTERNATIONAL AIRPORT, CA US","37.6197","-122.3647","2.4","2017-06-07","0.0",,,"14.8","20.0","12.2"
"USW00023234","SAN FRANCISCO INTERNATIONAL AIRPORT, CA US","37.6197","-122.3647","2.4","2017-06-08","1.3",,,"16.3","18.9","15.0"
"USW00023234","SAN FRANCISCO INTERNATIONAL AIRPORT, CA US","37.6197","-122.3647","2.4","2017-06-09","0.0",,,"16.7","18.9","13.3"
"USW00023234","SAN FRANCISCO INTERNATIONAL AIRPORT, CA US","37.6197","-122.3647","2.4","2017-06-10","0.0",,,"15.3","20.0","12.2"
"USW00023234","SAN FRANCISCO INTERNATIONAL AIRPORT, CA US","37.6197","-122.3647","2.4","2017-06-11","0.0",,,"14.9","17.8","12.2"
"USW00023234","SAN FRANCISCO INTERNATIONAL AIRPORT, CA US","37.6197","-122.3647","2.4","2017-06-12","0.0",,,"14.5","18.3","11.7"
"USW00023234","SAN FRANCISCO INTERNATIONAL AIRPORT, CA US","37.6197","-122.3647","2.4","2017-06-13","0.0",,,"15.0","21.1","11.1"
"USW00023234","SAN FRANCISCO INTERNATIONAL AIRPORT, CA US","37.6197","-122.3647","2.4","2017-06-14","0.0",,,"15.7","22.8","11.7"
"USW00023234","SAN FRANCISCO INTERNATIONAL AIRPORT, CA US","37.6197","-122.3647","2.4","2017-06-15","0.0",,,"15.9","22.2","12.8"
"USW00023234","SAN FRANCISCO INTERNATIONAL AIRPORT, CA US","37.6197","-122.3647","2.4","2017-06-16","0.0",,,"18.2","23.9","13.9"
"USW00023234","SAN FRANCISCO INTERNATIONAL AIRPORT, CA US","37.6197","-122.3647","2.4","2017-06-17","0.0",,,"18.3","25.0","12.8"
"USW00023234","SAN FRANCISCO INTERNATIONAL AIRPORT, CA US","37.6197","-122.3647","2.4","2017-06-18","0.0",,,"22.4","36.1","16.7"
"USW00023234","SAN FRANCISCO INTERNATIONAL AIRPORT, CA US","37.6197","-122.3647","2.4","2017-06-19","0.0",,,"20.8","25.0","14.4"
"USW00023234","SAN FRANCISCO INTERNATIONAL AIRPORT, CA US","37.6197","-122.3647","2.4","2017-06-20","0.0",,,"17.3","22.2","13.3"
"USW00023234","SAN FRANCISCO INTERNATIONAL AIRPORT, CA US","37.6197","-122.3647","2.4","2017-06-21","0.0",,,"16.7","24.4","12.2"
"USW00023234","SAN FRANCISCO INTERNATIONAL AIRPORT, CA US","37.6197","-122.3647","2.4","2017-06-22","0.0",,,"19.5","26.7","15.0"
"USW00023234","SAN FRANCISCO INTERNATIONAL AIRPORT, CA US","37.6197","-122.3647","2.4","2017-06-23","0.0",,,"17.9","22.8","14.4"
"USW00023234","SAN FRANCISCO INTERNATIONAL AIRPORT, CA US","37.6197","-122.3647","2.4","2017-06-24","0.0",,,"16.8","20.6","13.9"
"USW00023234","SAN FRANCISCO INTERNATIONAL AIRPORT, CA US","37.6197","-122.3647","2.4","2017-06-25","0.0",,,"15.9","20.0","13.9"
"USW00023234","SAN FRANCISCO INTERNATIONAL AIRPORT, CA US","37.6197","-122.3647","2.4","2017-06-26","0.0",,,"17.7","22.8","15.0"
"USW00023234","SAN FRANCISCO INTERNATIONAL AIRPORT, CA US","37.6197","-122.3647","2.4","2017-06-27","0.0",,,"16.5","18.9","13.9"
"USW00023234","SAN FRANCISCO INTERNATIONAL AIRPORT, CA US","37.6197","-122.3647","2.4","2017-06-28","0.0",,,"15.6","18.9","13.9"
"USW00023234","SAN FRANCISCO INTERNATIONAL AIRPORT, CA US","37.6197","-122.3647","2.4","2017-06-29","0.0",,,"15.4","18.9","13.3"
"USW00023234","SAN FRANCISCO INTERNATIONAL AIRPORT, CA US","37.6197","-122.3647","2.4","2017-06-30","0.0",,,"14.6","18.3","12.2"
"USW00023234","SAN FRANCISCO INTERNATIONAL AIRPORT, CA US","37.6197","-122.3647","2.4","2017-07-01","0.0",,,"14.7","18.9","12.2"
"USW00023234","SAN FRANCISCO INTERNATIONAL AIRPORT, CA US","37.6197","-122.3647","2.4","2017-07-02","0.0",,,"15.8","23.3","12.2"
"USW00023234","SAN FRANCISCO INTERNATIONAL AIRPORT, CA US","37.6197","-122.3647","2.4","2017-07-03","0.0",,,"16.6","26.1","12.2"
"USW00023234","SAN FRANCISCO INTERNATIONAL AIRPORT, CA US","37.6197","-122.3647","2.4","2017-07-04","0.0",,,"17.0","22.2","13.9"
"USW00023234","SAN FRANCISCO INTERNATIONAL AIRPORT, CA US","37.6197","-122.3647","2.4","2017-07-05","0.0",,,"15.4","19.4","12.8"
"USW00023234","SAN FRANCISCO INTERNATIONAL AIRPORT, CA US","37.6197","-122.3647","2.4","2017-07-06","0.0",,,"15.4","22.8","12.2"
"USW00023234","SAN FRANCISCO INTERNATIONAL AIRPORT, CA US","37.6197","-122.3647","2.4","2017-07-07","0.0",,,"17.8","27.2","12.2"
"USW00023234","SAN FRANCISCO INTERNATIONAL AIRPORT, CA US","37.6197","-122.3647","2.4","2017-07-08","0.0",,,"19.8","26.1","13.3"
"USW00023234","SAN FRANCISCO INTERNATIONAL AIRPORT, CA US","37.6197","-122.3647","2.4","2017-07-09","0.0",,,"15.4","21.1","11.7"
"USW00023234","SAN FRANCISCO INTERNATIONAL AIRPORT, CA US","37.6197","-122.3647","2.4","2017-07-10","0.0",,,"16.0","20.0","12.8"
"USW00023234","SAN FRANCISCO INTERNATIONAL AIRPORT, CA US","37.6197","-122.3647","2.4","2017-07-11","0.0",,,"16.6","22.8","12.8"
"USW00023234","SAN FRANCISCO INTERNATIONAL AIRPORT, CA US","37.6197","-122.3647","2.4","2017-07-12","0.0",,,"16.6","21.1","13.3"
"USW00023234","SAN FRANCISCO INTERNATIONAL AIRPORT, CA US","37.6197","-122.3647","2.4","2017-07-13","0.0",,,"15.9","21.1","12.2"
"USW00023234","SAN FRANCISCO INTERNATIONAL AIRPORT, CA US","37.6197","-122.3647","2.4","2017-07-14","0.0",,,"16.3","23.9","12.8"
"USW00023234","SAN FRANCISCO INTERNATIONAL AIRPORT, CA US","37.6197","-122.3647","2.4","2017-07-15","0.0",,,"17.4","29.4","12.8"
"USW00023234","SAN FRANCISCO INTERNATIONAL AIRPORT, CA US","37.6197","-122.3647","2.4","2017-07-16","0.0",,,"20.2","28.9","15.0"
"USW00023234","SAN FRANCISCO INTERNATIONAL AIRPORT, CA US","37.6197","-122.3647","2.4","2017-07-17","0.0",,,"17.9","22.2","13.9"
"USW00023234","SAN FRANCISCO INTERNATIONAL AIRPORT, CA US","37.6197","-122.3647","2.4","2017-07-18","0.0",,,"15.4","19.4","12.8"
"USW00023234","SAN FRANCISCO INTERNATIONAL AIRPORT, CA US","37.6197","-122.3647","2.4","2017-07-19","0.0",,,"16.1","21.1","12.2"
"USW00023234","SAN FRANCISCO INTERNATIONAL AIRPORT, CA US","37.6197","-122.3647","2.4","2017-07-20","0.0",,,"16.1","20.0","13.3"
"USW00023234","SAN FRANCISCO INTERNATIONAL AIRPORT, CA US","37.6197","-122.3647","2.4","2017-07-21","0.0",,,"16.2","21.1","12.8"
"USW00023234","SAN FRANCISCO INTERNATIONAL AIRPORT, CA US","37.6197","-122.3647","2.4","2017-07-22","0.0",,,"17.3","26.7","12.8"
"USW00023234","SAN FRANCISCO INTERNATIONAL AIRPORT, CA US","37.6197","-122.3647","2.4","2017-07-23","0.0",,,"18.0","21.1","13.3"
"USW00023234","SAN FRANCISCO INTERNATIONAL AIRPORT, CA US","37.6197","-122.3647","2.4","2017-07-24","0.0",,,"16.7","23.3","12.8"
"USW00023234","SAN FRANCISCO INTERNATIONAL AIRPORT, CA US","37.6197","-122.3647","2.4","2017-07-25","0.0",,,"18.8","25.0","17.2"
"USW00023234","SAN FRANCISCO INTERNATIONAL AIRPORT, CA US","37.6197","-122.3647","2.4","2017-07-26","0.0",,,"18.3","22.8","13.9"
"USW00023234","SAN FRANCISCO INTERNATIONAL AIRPORT, CA US","37.6197","-122.3647","2.4","2017-07-27","0.0",,,"16.8","24.4","13.9"
"USW00023234","SAN FRANCISCO INTERNATIONAL AIRPORT, CA US","37.6197","-122.3647","2.4","2017-07-28","0.0",,,"16.3","19.4","13.9"
"USW00023234","SAN FRANCISCO INTERNATIONAL AIRPORT, CA US","37.6197","-122.3647","2.4","2017-07-29","0.0",,,"16.2","20.0","13.9"
"USW00023234","SAN FRANCISCO INTERNATIONAL AIRPORT, CA US","37.6197","-122.3647","2.4","2017-07-30","0.0",,,"16.3","21.7","13.9"
"USW00023234","SAN FRANCISCO INTERNATIONAL AIRPORT, CA US","37.6197","-122.3647","2.4","2017-07-31","0.0",,,"16.5","20.6","12.8"
"USW00023234","SAN FRANCISCO INTERNATIONAL AIRPORT, CA US","37.6197","-122.3647","2.4","2017-08-01","0.0",,,"16.3","23.9","12.2"
"USW00023234","SAN FRANCISCO INTERNATIONAL AIRPORT, CA US","37.6197","-122.3647","2.4","2017-08-02","0.0",,,"17.9","26.7","13.3"
"USW00023234","SAN FRANCISCO INTERNATIONAL AIRPORT, CA US","37.6197","-122.3647","2.4","2017-08-03","0.0",,,"20.1","25.6","16.1"
"USW00023234","SAN FRANCISCO INTERNATIONAL AIRPORT, CA US","37.6197","-122.3647","2.4","2017-08-04","0.0",,,"21.1","24.4","15.6"
"USW00023234","SAN FRANCISCO INTERNATIONAL AIRPORT, CA US","37.6197","-122.3647","2.4","2017-08-05","0.0",,,"18.4","22.8","15.0"
"USW00023234","SAN FRANCISCO INTERNATIONAL AIRPORT, CA US","37.6197","-122.3647","2.4","2017-08-06","0.0",,,"18.0","21.7","16.1"
"USW00023234","SAN FRANCISCO INTERNATIONAL AIRPORT, CA US","37.6197","-122.3647","2.4","2017-08-07","0.0",,,"18.1","21.7","16.1"
"USW00023234","SAN FRANCISCO INTERNATIONAL AIRPORT, CA US","37.6197","-122.3647","2.4","2017-08-08","0.0",,,"17.6","21.7","15.6"
"USW00023234","SAN FRANCISCO INTERNATIONAL AIRPORT, CA US","37.6197","-122.3647","2.4","2017-08-09","0.0",,,"17.3","19.4","15.0"
"USW00023234","SAN FRANCISCO INTERNATIONAL AIRPORT, CA US","37.6197","-122.3647","2.4","2017-08-10","0.0",,,"17.0","21.7","15.0"
"USW00023234","SAN FRANCISCO INTERNATIONAL AIRPORT, CA US","37.6197","-122.3647","2.4","2017-08-11","0.0",,,"16.9","21.7","14.4"
"USW00023234","SAN FRANCISCO INTERNATIONAL AIRPORT, CA US","37.6197","-122.3647","2.4","2017-08-12","0.0",,,"17.8","22.8","15.6"
"USW00023234","SAN FRANCISCO INTERNATIONAL AIRPORT, CA US","37.6197","-122.3647","2.4","2017-08-13","0.0",,,"18.5","22.2","15.6"
"USW00023234","SAN FRANCISCO INTERNATIONAL AIRPORT, CA US","37.6197","-122.3647","2.4","2017-08-14","0.0",,,"17.2","17.2","15.0"
"USW00023234","SAN FRANCISCO INTERNATIONAL AIRPORT, CA US","37.6197","-122.3647","2.4","2017-08-15","0.0",,,"16.6","22.8","15.0"
"USW00023234","SAN FRANCISCO INTERNATIONAL AIRPORT, CA US","37.6197","-122.3647","2.4","2017-08-16","0.0",,,"17.9","23.9","15.6"
"USW00023234","SAN FRANCISCO INTERNATIONAL AIRPORT, CA US","37.6197","-122.3647","2.4","2017-08-17","0.0",,,"18.5","22.2","15.6"
"USW00023234","SAN FRANCISCO INTERNATIONAL AIRPORT, CA US","37.6197","-122.3647","2.4","2017-08-18","0.0",,,"18.9","22.2","15.0"
"USW00023234","SAN FRANCISCO INTERNATIONAL AIRPORT, CA US","37.6197","-122.3647","2.4","2017-08-19","0.0",,,"17.3","24.4","15.0"
"USW00023234","SAN FRANCISCO INTERNATIONAL AIRPORT, CA US","37.6197","-122.3647","2.4","2017-08-20","0.0",,,"18.9","22.2","16.1"
"USW00023234","SAN FRANCISCO INTERNATIONAL AIRPORT, CA US","37.6197","-122.3647","2.4","2017-08-21","0.0",,,"18.3","23.9","16.1"
"USW00023234","SAN FRANCISCO INTERNATIONAL AIRPORT, CA US","37.6197","-122.3647","2.4","2017-08-22","0.0",,,"18.6","22.8","15.6"
"USW00023234","SAN FRANCISCO INTERNATIONAL AIRPORT, CA US","37.6197","-122.3647","2.4","2017-08-23","0.0",,,"17.3","21.1","15.0"
"USW00023234","SAN FRANCISCO INTERNATIONAL AIRPORT, CA US","37.6197","-122.3647","2.4","2017-08-24","0.0",,,"16.3","21.1","14.4"
"USW00023234","SAN FRANCISCO INTERNATIONAL AIRPORT, CA US","37.6197","-122.3647","2.4","2017-08-25","0.0",,,"16.6","20.6","12.8"
"USW00023234","SAN FRANCISCO INTERNATIONAL AIRPORT, CA US","37.6197","-122.3647","2.4","2017-08-26","0.0",,,"16.4","27.2","11.7"
"USW00023234","SAN FRANCISCO INTERNATIONAL AIRPORT, CA US","37.6197","-122.3647","2.4","2017-08-27","0.0",,,"19.7","25.0","15.6"
"USW00023234","SAN FRANCISCO INTERNATIONAL AIRPORT, CA US","37.6197","-122.3647","2.4","2017-08-28","0.0",,,"18.1","22.8","14.4"
"USW00023234","SAN FRANCISCO INTERNATIONAL AIRPORT, CA US","37.6197","-122.3647","2.4","2017-08-29","0.0",,,"16.2","19.4","14.4"
"USW00023234","SAN FRANCISCO INTERNATIONAL AIRPORT, CA US","37.6197","-122.3647","2.4","2017-08-30","0.0",,,"15.9","20.6","13.3"
"USW00023234","SAN FRANCISCO INTERNATIONAL AIRPORT, CA US","37.6197","-122.3647","2.4","2017-08-31","0.0",,,"18.0","31.1","13.3"
"USW00023234","SAN FRANCISCO INTERNATIONAL AIRPORT, CA US","37.6197","-122.3647","2.4","2017-09-01","0.0",,,"25.5","40.0","19.4"
"USW00023234","SAN FRANCISCO INTERNATIONAL AIRPORT, CA US","37.6197","-122.3647","2.4","2017-09-02","0.0",,,"28.2","40.0","22.2"
"USW00023234","SAN FRANCISCO INTERNATIONAL AIRPORT, CA US","37.6197","-122.3647","2.4","2017-09-03","0.0",,,"27.6","30.0","20.0"
"USW00023234","SAN FRANCISCO INTERNATIONAL AIRPORT, CA US","37.6197","-122.3647","2.4","2017-09-04","0.0",,,"22.4","28.9","20.0"
"USW00023234","SAN FRANCISCO INTERNATIONAL AIRPORT, CA US","37.6197","-122.3647","2.4","2017-09-05","0.0",,,"24.6","28.3","15.6"
"USW00023234","SAN FRANCISCO INTERNATIONAL AIRPORT, CA US","37.6197","-122.3647","2.4","2017-09-06","0.0",,,"20.9","25.6","17.8"
"USW00023234","SAN FRANCISCO INTERNATIONAL AIRPORT, CA US","37.6197","-122.3647","2.4","2017-09-07","0.0",,,"20.4","22.2","16.7"
"USW00023234","SAN FRANCISCO INTERNATIONAL AIRPORT, CA US","37.6197","-122.3647","2.4","2017-09-08","0.0",,,"18.4","22.2","15.6"
"USW00023234","SAN FRANCISCO INTERNATIONAL AIRPORT, CA US","37.6197","-122.3647","2.4","2017-09-09","0.0",,,"18.7","23.9","16.1"
"USW00023234","SAN FRANCISCO INTERNATIONAL AIRPORT, CA US","37.6197","-122.3647","2.4","2017-09-10","0.0",,,"19.5","33.3","16.1"
"USW00023234","SAN FRANCISCO INTERNATIONAL AIRPORT, CA US","37.6197","-122.3647","2.4","2017-09-11","5.6",,,"24.3","30.0","19.4"
"USW00023234","SAN FRANCISCO INTERNATIONAL AIRPORT, CA US","37.6197","-122.3647","2.4","2017-09-12","0.0",,,"22.1","29.4","18.3"
"USW00023234","SAN FRANCISCO INTERNATIONAL AIRPORT, CA US","37.6197","-122.3647","2.4","2017-09-13","0.0",,,"19.9","23.3","17.2"
"USW00023234","SAN FRANCISCO INTERNATIONAL AIRPORT, CA US","37.6197","-122.3647","2.4","2017-09-14","0.0",,,"18.4","21.7","15.6"
"USW00023234","SAN FRANCISCO INTERNATIONAL AIRPORT, CA US","37.6197","-122.3647","2.4","2017-09-15","0.0",,,"17.3","22.2","14.4"
"USW00023234","SAN FRANCISCO INTERNATIONAL AIRPORT, CA US","37.6197","-122.3647","2.4","2017-09-16","0.0",,,"16.6","22.2","13.3"
"USW00023234","SAN FRANCISCO INTERNATIONAL AIRPORT, CA US","37.6197","-122.3647","2.4","2017-09-17","0.0",,,"16.9","22.8","13.3"
"USW00023234","SAN FRANCISCO INTERNATIONAL AIRPORT, CA US","37.6197","-122.3647","2.4","2017-09-18","0.0",,,"18.8","22.8","15.6"
"USW00023234","SAN FRANCISCO INTERNATIONAL AIRPORT, CA US","37.6197","-122.3647","2.4","2017-09-19","0.0",,,"17.6","22.8","14.4"
"USW00023234","SAN FRANCISCO INTERNATIONAL AIRPORT, CA US","37.6197","-122.3647","2.4","2017-09-20","0.0",,,"17.8","21.7","15.0"
"USW00023234","SAN FRANCISCO INTERNATIONAL AIRPORT, CA US","37.6197","-122.3647","2.4","2017-09-21","0.0",,,"16.5","19.4","13.3"
"USW00023234","SAN FRANCISCO INTERNATIONAL AIRPORT, CA US","37.6197","-122.3647","2.4","2017-09-22","0.0",,,"16.3","21.1","13.9"
"USW00023234","SAN FRANCISCO INTERNATIONAL AIRPORT, CA US","37.6197","-122.3647","2.4","2017-09-23","0.0",,,"17.3","25.0","12.2"
"USW00023234","SAN FRANCISCO INTERNATIONAL AIRPORT, CA US","37.6197","-122.3647","2.4","2017-09-24","0.0",,,"17.9","26.1","12.2"
"USW00023234","SAN FRANCISCO INTERNATIONAL AIRPORT, CA US","37.6197","-122.3647","2.4","2017-09-25","0.0",,,"19.1","27.8","13.3"
"USW00023234","SAN FRANCISCO INTERNATIONAL AIRPORT, CA US","37.6197","-122.3647","2.4","2017-09-26","0.0",,,"20.4","31.1","15.0"
"USW00023234","SAN FRANCISCO INTERNATIONAL AIRPORT, CA US","37.6197","-122.3647","2.4","2017-09-27","0.0",,,"22.4","30.6","16.7"
"USW00023234","SAN FRANCISCO INTERNATIONAL AIRPORT, CA US","37.6197","-122.3647","2.4","2017-09-28","0.0",,,"20.8","27.2","14.4"
"USW00023234","SAN FRANCISCO INTERNATIONAL AIRPORT, CA US","37.6197","-122.3647","2.4","2017-09-29","0.0",,,"16.4","20.0","13.9"
"USW00023234","SAN FRANCISCO INTERNATIONAL AIRPORT, CA US","37.6197","-122.3647","2.4","2017-09-30","0.0",,,"17.0","22.2","13.9"
"USW00023234","SAN FRANCISCO INTERNATIONAL AIRPORT, CA US","37.6197","-122.3647","2.4","2017-10-01","0.0",,,"17.1","22.8","13.3"
"USW00023234","SAN FRANCISCO INTERNATIONAL AIRPORT, CA US","37.6197","-122.3647","2.4","2017-10-02","0.0",,,"18.1","23.3","12.2"
"USW00023234","SAN FRANCISCO INTERNATIONAL AIRPORT, CA US","37.6197","-122.3647","2.4","2017-10-03","0.0",,,"14.9","22.8","11.7"
"USW00023234","SAN FRANCISCO INTERNATIONAL AIRPORT, CA US","37.6197","-122.3647","2.4","2017-10-04","0.0",,,"16.4","24.4","11.1"
"USW00023234","SAN FRANCISCO INTERNATIONAL AIRPORT, CA US","37.6197","-122.3647","2.4","2017-10-05","0.0",,,"15.7","26.1","10.0"
"USW00023234","SAN FRANCISCO INTERNATIONAL AIRPORT, CA US","37.6197","-122.3647","2.4","2017-10-06","0.0",,,"17.4","28.9","11.7"
"USW00023234","SAN FRANCISCO INTERNATIONAL AIRPORT, CA US","37.6197","-122.3647","2.4","2017-10-07","0.0",,,"17.9","25.0","12.2"
"USW00023234","SAN FRANCISCO INTERNATIONAL AIRPORT, CA US","37.6197","-122.3647","2.4","2017-10-08","0.0",,,"16.3","26.1","11.7"
"USW00023234","SAN FRANCISCO INTERNATIONAL AIRPORT, CA US","37.6197","-122.3647","2.4","2017-10-09","0.0",,,"21.3","26.1","15.6"
"USW00023234","SAN FRANCISCO INTERNATIONAL AIRPORT, CA US","37.6197","-122.3647","2.4","2017-10-10","0.0",,,"18.3","24.4","11.7"
"USW00023234","SAN FRANCISCO INTERNATIONAL AIRPORT, CA US","37.6197","-122.3647","2.4","2017-10-11","0.0",,,"13.9","18.9","10.6"
"USW00023234","SAN FRANCISCO INTERNATIONAL AIRPORT, CA US","37.6197","-122.3647","2.4","2017-10-12","0.0",,,"14.5","20.6","10.0"
"USW00023234","SAN FRANCISCO INTERNATIONAL AIRPORT, CA US","37.6197","-122.3647","2.4","2017-10-13","0.0",,,"14.5","22.8","10.0"
"USW00023234","SAN FRANCISCO INTERNATIONAL AIRPORT, CA US","37.6197","-122.3647","2.4","2017-10-14","0.0",,,"16.4","25.0","11.1"
"USW00023234","SAN FRANCISCO INTERNATIONAL AIRPORT, CA US","37.6197","-122.3647","2.4","2017-10-15","0.0",,,"18.3","27.2","11.1"
"USW00023234","SAN FRANCISCO INTERNATIONAL AIRPORT, CA US","37.6197","-122.3647","2.4","2017-10-16","0.0",,,"19.3","28.3","13.3"
"USW00023234","SAN FRANCISCO INTERNATIONAL AIRPORT, CA US","37.6197","-122.3647","2.4","2017-10-17","0.0",,,"19.5","25.6","10.0"
"USW00023234","SAN FRANCISCO INTERNATIONAL AIRPORT, CA US","37.6197","-122.3647","2.4","2017-10-18","0.0",,,"12.1","17.2","8.9"
"USW00023234","SAN FRANCISCO INTERNATIONAL AIRPORT, CA US","37.6197","-122.3647","2.4","2017-10-19","4.8",,,"14.1","19.4","12.2"
"USW00023234","SAN FRANCISCO INTERNATIONAL AIRPORT, CA US","37.6197","-122.3647","2.4","2017-10-20","0.5",,,"15.1","17.8","12.2"
"USW00023234","SAN FRANCISCO INTERNATIONAL AIRPORT, CA US","37.6197","-122.3647","2.4","2017-10-21","0.0",,,"14.1","20.0","10.6"
"USW00023234","SAN FRANCISCO INTERNATIONAL AIRPORT, CA US","37.6197","-122.3647","2.4","2017-10-22","0.0",,,"15.4","22.8","11.1"
"USW00023234","SAN FRANCISCO INTERNATIONAL AIRPORT, CA US","37.6197","-122.3647","2.4","2017-10-23","0.0",,,"18.8","28.3","13.3"
"USW00023234","SAN FRANCISCO INTERNATIONAL AIRPORT, CA US","37.6197","-122.3647","2.4","2017-10-24","0.0",,,"23.6","32.8","17.8"
"USW00023234","SAN FRANCISCO INTERNATIONAL AIRPORT, CA US","37.6197","-122.3647","2.4","2017-10-25","0.0",,,"21.5","28.3","16.7"
"USW00023234","SAN FRANCISCO INTERNATIONAL AIRPORT, CA US","37.6197","-122.3647","2.4","2017-10-26","0.0",,,"21.0","30.0","16.1"
"USW00023234","SAN FRANCISCO INTERNATIONAL AIRPORT, CA US","37.6197","-122.3647","2.4","2017-10-27","0.0",,,"19.4","26.7","12.2"
"USW00023234","SAN FRANCISCO INTERNATIONAL AIRPORT, CA US","37.6197","-122.3647","2.4","2017-10-28","0.0",,,"14.7","19.4","11.1"
"USW00023234","SAN FRANCISCO INTERNATIONAL AIRPORT, CA US","37.6197","-122.3647","2.4","2017-10-29","0.0",,,"13.2","17.2","11.7"
"USW00023234","SAN FRANCISCO INTERNATIONAL AIRPORT, CA US","37.6197","-122.3647","2.4","2017-10-30","0.0",,,"13.7","16.7","12.8"
"USW00023234","SAN FRANCISCO INTERNATIONAL AIRPORT, CA US","37.6197","-122.3647","2.4","2017-10-31","0.0",,,"14.6","18.9","11.1"
"USW00023234","SAN FRANCISCO INTERNATIONAL AIRPORT, CA US","37.6197","-122.3647","2.4","2017-11-01","0.0",,,"13.9","19.4","10.0"
"USW00023234","SAN FRANCISCO INTERNATIONAL AIRPORT, CA US","37.6197","-122.3647","2.4","2017-11-02","0.0",,,"13.9","18.9","10.0"
"USW00023234","SAN FRANCISCO INTERNATIONAL AIRPORT, CA US","37.6197","-122.3647","2.4","2017-11-03","0.8",,,"16.4","20.0","14.4"
"USW00023234","SAN FRANCISCO INTERNATIONAL AIRPORT, CA US","37.6197","-122.3647","2.4","2017-11-04","11.4",,,"15.3","16.1","10.0"
"USW00023234","SAN FRANCISCO INTERNATIONAL AIRPORT, CA US","37.6197","-122.3647","2.4","2017-11-05","0.0",,,"11.8","15.6","7.8"
"USW00023234","SAN FRANCISCO INTERNATIONAL AIRPORT, CA US","37.6197","-122.3647","2.4","2017-11-06","0.0",,,"13.3","17.2","10.6"
"USW00023234","SAN FRANCISCO INTERNATIONAL AIRPORT, CA US","37.6197","-122.3647","2.4","2017-11-07","0.0",,,"12.2","17.8","7.8"
"USW00023234","SAN FRANCISCO INTERNATIONAL AIRPORT, CA US","37.6197","-122.3647","2.4","2017-11-08","3.3",,,"14.3","18.3","11.1"
"USW00023234","SAN FRANCISCO INTERNATIONAL AIRPORT, CA US","37.6197","-122.3647","2.4","2017-11-09","0.8",,,"16.8","20.0","15.0"
"USW00023234","SAN FRANCISCO INTERNATIONAL AIRPORT, CA US","37.6197","-122.3647","2.4","2017-11-10","0.3",,,"15.8","18.3","12.8"
"USW00023234","SAN FRANCISCO INTERNATIONAL AIRPORT, CA US","37.6197","-122.3647","2.4","2017-11-11","0.0",,,"15.0","17.8","12.2"
"USW00023234","SAN FRANCISCO INTERNATIONAL AIRPORT, CA US","37.6197","-122.3647","2.4","2017-11-12","0.0",,,"13.5","17.2","10.0"
"USW00023234","SAN FRANCISCO INTERNATIONAL AIRPORT, CA US","37.6197","-122.3647","2.4","2017-11-13","0.0",,,"15.4","19.4","12.8"
"USW00023234","SAN FRANCISCO INTERNATIONAL AIRPORT, CA US","37.6197","-122.3647","2.4","2017-11-14","0.0",,,"15.1","17.8","11.1"
"USW00023234","SAN FRANCISCO INTERNATIONAL AIRPORT, CA US","37.6197","-122.3647","2.4","2017-11-15","3.0",,,"13.8","18.3","12.2"
"USW00023234","SAN FRANCISCO INTERNATIONAL AIRPORT, CA US","37.6197","-122.3647","2.4","2017-11-16","40.6",,,"15.2","17.2","11.7"
"USW00023234","SAN FRANCISCO INTERNATIONAL AIRPORT, CA US","37.6197","-122.3647","2.4","2017-11-17","0.3",,,"13.4","16.1","10.6"
"USW00023234","SAN FRANCISCO INTERNATIONAL AIRPORT, CA US","37.6197","-122.3647","2.4","2017-11-18","0.0",,,"12.2","16.7","6.1"
"USW00023234","SAN FRANCISCO INTERNATIONAL AIRPORT, CA US","37.6197","-122.3647","2.4","2017-11-19","0.0",,,"11.4","15.0","7.8"
"USW00023234","SAN FRANCISCO INTERNATIONAL AIRPORT, CA US","37.6197","-122.3647","2.4","2017-11-20","0.0",,,"14.6","17.2","12.8"
"USW00023234","SAN FRANCISCO INTERNATIONAL AIRPORT, CA US","37.6197","-122.3647","2.4","2017-11-21","0.0",,,"15.6","18.9","12.8"
"USW00023234","SAN FRANCISCO INTERNATIONAL AIRPORT, CA US","37.6197","-122.3647","2.4","2017-11-22","0.0",,,"15.8","20.0","12.2"
"USW00023234","SAN FRANCISCO INTERNATIONAL AIRPORT, CA US","37.6197","-122.3647","2.4","2017-11-23","0.0",,,"16.6","19.4","13.9"
"USW00023234","SAN FRANCISCO INTERNATIONAL AIRPORT, CA US","37.6197","-122.3647","2.4","2017-11-24","0.0",,,"16.4","20.6","13.3"
"USW00023234","SAN FRANCISCO INTERNATIONAL AIRPORT, CA US","37.6197","-122.3647","2.4","2017-11-25","0.0",,,"16.2","20.0","13.3"
"USW00023234","SAN FRANCISCO INTERNATIONAL AIRPORT, CA US","37.6197","-122.3647","2.4","2017-11-26","4.6",,,"17.7","19.4","11.7"
"USW00023234","SAN FRANCISCO INTERNATIONAL AIRPORT, CA US","37.6197","-122.3647","2.4","2017-11-27","5.3",,,"13.7","15.6","10.0"
"USW00023234","SAN FRANCISCO INTERNATIONAL AIRPORT, CA US","37.6197","-122.3647","2.4","2017-11-28","0.0",,,"11.8","15.6","7.8"
"USW00023234","SAN FRANCISCO INTERNATIONAL AIRPORT, CA US","37.6197","-122.3647","2.4","2017-11-29","0.0",,,"12.8","17.8","8.9"
"USW00023234","SAN FRANCISCO INTERNATIONAL AIRPORT, CA US","37.6197","-122.3647","2.4","2017-11-30","0.0",,,"12.6","18.3","7.8"
"USW00023234","SAN FRANCISCO INTERNATIONAL AIRPORT, CA US","37.6197","-122.3647","2.4","2017-12-01","0.0",,,"12.0","15.6","7.8"
"USW00023234","SAN FRANCISCO INTERNATIONAL AIRPORT, CA US","37.6197","-122.3647","2.4","2017-12-02","0.3",,,"11.5","14.4","8.9"
"USW00023234","SAN FRANCISCO INTERNATIONAL AIRPORT, CA US","37.6197","-122.3647","2.4","2017-12-03","0.5",,,"12.7","13.9","9.4"
"USW00023234","SAN FRANCISCO INTERNATIONAL AIRPORT, CA US","37.6197","-122.3647","2.4","2017-12-04","0.0",,,"12.8","16.7","10.6"
"USW00023234","SAN FRANCISCO INTERNATIONAL AIRPORT, CA US","37.6197","-122.3647","2.4","2017-12-05","0.0",,,"13.9","18.9","8.3"
"USW00023234","SAN FRANCISCO INTERNATIONAL AIRPORT, CA US","37.6197","-122.3647","2.4","2017-12-06","0.0",,,"11.7","16.7","5.6"
"USW00023234","SAN FRANCISCO INTERNATIONAL AIRPORT, CA US","37.6197","-122.3647","2.4","2017-12-07","0.0",,,"12.6","18.3","7.2"
"USW00023234","SAN FRANCISCO INTERNATIONAL AIRPORT, CA US","37.6197","-122.3647","2.4","2017-12-08","0.0",,,"11.6","16.7","6.1"
"USW00023234","SAN FRANCISCO INTERNATIONAL AIRPORT, CA US","37.6197","-122.3647","2.4","2017-12-09","0.0",,,"11.7","17.2","6.1"
"USW00023234","SAN FRANCISCO INTERNATIONAL AIRPORT, CA US","37.6197","-122.3647","2.4","2017-12-10","0.0",,,"11.7","17.2","5.6"
"USW00023234","SAN FRANCISCO INTERNATIONAL AIRPORT, CA US","37.6197","-122.3647","2.4","2017-12-11","0.0",,,"12.3","18.3","6.7"
"USW00023234","SAN FRANCISCO INTERNATIONAL AIRPORT, CA US","37.6197","-122.3647","2.4","2017-12-12","0.0",,,"11.7","15.6","5.6"
"USW00023234","SAN FRANCISCO INTERNATIONAL AIRPORT, CA US","37.6197","-122.3647","2.4","2017-12-13","0.0",,,"10.8","16.1","5.0"
"USW00023234","SAN FRANCISCO INTERNATIONAL AIRPORT, CA US","37.6197","-122.3647","2.4","2017-12-14","0.0",,,"11.0","17.8","6.1"
"USW00023234","SAN FRANCISCO INTERNATIONAL AIRPORT, CA US","37.6197","-122.3647","2.4","2017-12-15","0.0",,,"11.4","13.9","6.7"
"USW00023234","SAN FRANCISCO INTERNATIONAL AIRPORT, CA US","37.6197","-122.3647","2.4","2017-12-16","0.0",,,"13.5","17.8","9.4"
"USW00023234","SAN FRANCISCO INTERNATIONAL AIRPORT, CA US","37.6197","-122.3647","2.4","2017-12-17","0.0",,,"14.4","17.2","8.9"
"USW00023234","SAN FRANCISCO INTERNATIONAL AIRPORT, CA US","37.6197","-122.3647","2.4","2017-12-18","0.0",,,"10.9","16.1","6.7"
"USW00023234","SAN FRANCISCO INTERNATIONAL AIRPORT, CA US","37.6197","-122.3647","2.4","2017-12-19","0.0",,,"10.6","15.6","6.1"
"USW00023234","SAN FRANCISCO INTERNATIONAL AIRPORT, CA US","37.6197","-122.3647","2.4","2017-12-20","1.0",,,"11.4","12.8","8.3"
"USW00023234","SAN FRANCISCO INTERNATIONAL AIRPORT, CA US","37.6197","-122.3647","2.4","2017-12-21","0.0",,,"9.9","13.3","4.4"
"USW00023234","SAN FRANCISCO INTERNATIONAL AIRPORT, CA US","37.6197","-122.3647","2.4","2017-12-22","0.0",,,"7.9","11.7","3.3"
"USW00023234","SAN FRANCISCO INTERNATIONAL AIRPORT, CA US","37.6197","-122.3647","2.4","2017-12-23","0.0",,,"9.4","11.7","6.1"
"USW00023234","SAN FRANCISCO INTERNATIONAL AIRPORT, CA US","37.6197","-122.3647","2.4","2017-12-24","0.0",,,"10.3","11.7","8.3"
"USW00023234","SAN FRANCISCO INTERNATIONAL AIRPORT, CA US","37.6197","-122.3647","2.4","2017-12-25","0.0",,,"10.4","13.9","6.7"
"USW00023234","SAN FRANCISCO INTERNATIONAL AIRPORT, CA US","37.6197","-122.3647","2.4","2017-12-26","0.0",,,"10.9","14.4","6.1"
"USW00023234","SAN FRANCISCO INTERNATIONAL AIRPORT, CA US","37.6197","-122.3647","2.4","2017-12-27","0.0",,,"9.2","13.3","6.1"
"USW00023234","SAN FRANCISCO INTERNATIONAL AIRPORT, CA US","37.6197","-122.3647","2.4","2017-12-28","0.0",,,"10.3","13.9","6.1"
"USW00023234","SAN FRANCISCO INTERNATIONAL AIRPORT, CA US","37.6197","-122.3647","2.4","2017-12-29","0.0","0.0","0.0","10.7","13.3","6.7"
"USW00023234","SAN FRANCISCO INTERNATIONAL AIRPORT, CA US","37.6197","-122.3647","2.4","2017-12-30","0.0","0.0","0.0","10.6","15.0","6.1"
"USW00023234","SAN FRANCISCO INTERNATIONAL AIRPORT, CA US","37.6197","-122.3647","2.4","2017-12-31","0.0","0.0","0.0","10.7","13.9","7.2"
